word,length,freq
12,2,1
13,2,1
1583,4,1
1593,4,1
1598,4,1
1600,4,1
1612,4,1
1618,4,1
1627,4,1
1628,4,1
1632,4,1
22,2,1
23,2,1
24,2,1
5,1,3
7,1,1
a,1,260
abbaiano,8,1
abbandonati,11,1
abbattevamo,11,1
abbenché,8,1
abbia,5,4
abbiam,6,6
abbiano,7,2
abbiate,7,6
abbietti,8,1
abbonda,7,1
abbondio,8,47
abbracciate,11,1
abbracciato,11,1
abbreviarli,11,1
abile,5,1
abilità,7,1
abitanti,8,1
abito,5,1
abituali,8,1
accadde,7,1
accaddero,9,1
accader,7,1
accadeva,8,1
accadon,7,1
accaduto,8,3
accarezzavan,12,1
accennar,8,1
accennate,9,1
accenneremo,11,1
accidenti,9,2
accingo,7,1
accoglienza,11,1
accoglimento,12,1
accompagnano,12,1
accompagnate,12,1
accoramento,11,1
accorge,7,1
accorgendosi,12,1
accorgere,9,1
accorgersi,10,1
accorse,7,1
accortamente,12,1
accorto,7,2
accostarsi,10,1
accostò,7,2
accozzando,10,1
accresce,8,1
accrescendo,11,1
accrescer,9,1
accresciuta,11,2
accuse,6,1
acevedo,7,1
acqua,5,3
acque,5,1
ad,2,21
adda,4,1
addietro,8,1
addio,5,1
addosso,7,4
adirato,7,1
adolescenza,11,1
adombrato,9,1
adoperar,8,1
adoperarsi,10,1
adoperate,9,1
affaccia,8,1
affannato,9,1
affare,6,2
affaticato,10,1
affatto,7,1
afferrandogli,13,1
afferrarlo,10,1
affettato,9,1
affezionata,11,2
affezioni,9,1
affinis,7,1
affondate,9,1
affrettò,8,1
aggirarsi,9,1
aggiunger,9,1
aggranchiate,12,1
aggrottando,11,1
agiato,6,1
agio,4,1
agitazione,10,1
agl,3,1
agli,4,5
agnello,7,1
agnese,6,1
ago,3,1
ah,2,6
ai,2,10
aiutare,7,1
aiutarlo,8,1
aiutate,7,1
aiutati,7,1
al,2,41
alcun,5,2
alcuna,6,3
alcune,6,1
alcuni,6,4
alcuno,6,5
alieni,6,1
alieno,6,1
all,3,29
alla,4,26
allacciate,10,1
allargato,9,1
alle,4,10
alleati,7,1
alleggerire,11,1
allegramente,12,1
allegri,7,1
allo,4,1
alloggiare,10,1
allontanandosi,14,1
allontanarono,13,1
allora,6,12
allori,6,1
allungò,7,1
almen,5,1
almeno,6,3
alquanto,8,1
alta,4,2
alterarsi,9,1
alterate,8,1
alternate,9,1
alternati,9,1
alto,4,1
altra,5,15
altre,5,5
altri,5,11
altrimenti,10,3
altro,5,28
altrove,7,1
altrui,6,4
alture,6,1
alzando,7,6
alzandogli,10,1
alzar,5,2
alzato,6,1
alzava,6,1
alzò,4,2
ama,3,1
amari,5,1
amaro,5,1
ambiziosa,9,1
ameno,5,1
amiche,6,3
amici,5,2
ammaliziati,11,1
ammazzato,9,1
ammiraglio,10,1
amor,4,8
amorevolezza,12,1
amparo,6,1
ampi,4,1
ampia,5,1
ampie,5,1
amplissimi,10,1
ampollosamente,14,1
ampollose,9,1
anch,4,5
anche,5,17
ancor,5,5
ancora,6,7
ancorché,8,2
ancudine,8,1
andar,5,1
andare,6,1
andarne,7,1
andassero,9,1
andate,6,1
andati,6,3
andato,6,1
andava,6,4
anderebbe,9,1
andiam,6,1
andirivieni,11,1
andrà,5,1
andò,4,4
angeliche,9,1
angolo,6,1
angoscia,8,1
angosciosa,10,1
angosciose,10,1
angusto,7,1
anima,5,1
animale,7,1
anime,5,2
animi,5,1
animo,5,4
annata,6,1
anni,4,7
anno,4,9
annunziarle,11,1
ansante,7,1
ansietà,7,1
ansioso,7,2
antecedente,11,1
antecedenti,11,1
antequam,8,1
antica,6,2
anticipatamente,15,1
anzi,4,8
aperta,6,1
aperti,6,1
aperto,6,2
appagherò,9,1
apparecchiar,12,1
apparecchiate,13,1
apparenza,9,1
apparire,8,2
apparteneva,11,1
appartenevano,13,1
appena,6,3
appiattarsi,11,1
applicargli,11,1
appoggiano,10,1
appoggiata,10,1
appoggiato,10,1
appostatamente,14,1
approfittavano,14,1
appuntate,9,1
appunto,7,2
aprendo,7,1
aprendosi,9,1
aprile,6,2
aprir,5,1
aprire,6,1
aprite,6,1
apriva,6,2
aprì,4,1
aragon,6,1
arbitraria,10,1
arbitrario,10,1
arbitrio,8,1
arcivescovo,11,2
ardito,6,1
argento,7,1
argo,4,1
argomenti,9,1
argomento,9,1
argomentò,9,1
aria,4,2
armare,6,1
arricciati,10,1
arringo,7,1
arrischiare,11,1
arrischiarsi,12,1
arriva,6,1
arrivasse,9,1
arrivava,8,1
arrolati,8,1
arrossendo,10,1
arrovesciate,12,1
arte,4,1
artigianello,12,1
artigiani,9,1
artigli,7,1
artista,7,1
ascoltava,9,1
asili,5,1
aspettando,10,2
aspettar,8,1
aspettare,9,3
aspettarsi,10,1
aspettato,9,1
aspettava,9,1
aspetti,7,1
aspetto,7,3
assai,5,2
assalito,8,1
assalti,7,1
assaporato,10,1
assicura,8,1
assicurarci,11,2
assicurare,10,1
assicurarsene,13,1
assoggettavano,14,1
assolutamente,13,1
assorbito,9,1
astioso,7,1
astratto,8,1
astuti,6,1
astuzia,7,1
attaccar,8,1
attaccata,9,1
attaccate,9,1
attaccato,9,1
attentamente,12,1
attenzione,10,1
attesoché,9,1
attesta,7,1
attestare,9,1
atti,4,2
attillata,9,1
attioni,7,1
attirati,8,1
attività,8,1
atto,4,5
attonito,8,1
attraversatolo,14,1
aumentabili,11,1
aureola,7,1
autentici,9,1
autografo,9,1
autore,6,3
autorevole,10,1
autori,6,1
autorità,8,3
auuenuto,8,1
avanti,6,2
avanzo,6,1
avendo,6,1
avendolo,8,1
aver,4,17
avere,5,2
averla,6,1
averle,6,1
averne,6,1
avesse,6,9
avesser,7,1
avessi,6,2
aveste,6,1
avete,5,5
aveva,5,31
avevam,6,1
avevan,6,1
avevano,7,4
avevo,5,1
avola,5,1
avrebbe,7,10
avrebber,8,2
avrei,5,2
avrem,5,1
avrà,4,1
avrò,4,3
avuta,5,1
avuto,5,3
avvede,6,1
avvedersene,11,1
avvedesse,9,1
avveduto,8,1
avvenimento,11,1
avvenire,8,2
avvenuto,8,1
avvertito,9,1
avvezza,7,1
avvezzi,7,1
avviandosi,10,1
avviavano,9,1
avvicinavano,12,1
avvide,6,1
avvisa,6,1
avviso,6,1
avviò,5,2
azione,6,1
bacco,5,1
bada,4,1
badare,6,1
badate,6,1
badi,4,1
bagattella,10,1
baggianate,10,1
balbettò,8,1
balordo,7,1
balze,5,1
balzò,5,1
banco,5,1
bando,5,2
bassa,5,1
basso,5,3
basta,5,7
bastante,8,1
bastantemente,13,2
bastar,6,1
bastati,7,1
basti,5,1
battaglia,9,2
battendo,8,1
battere,7,1
batteva,7,1
battuto,7,1
bei,3,2
bel,3,4
bella,5,6
bellezza,8,2
bellici,7,1
bello,5,2
ben,3,16
benché,6,1
bene,4,13
benedett,8,1
benissimo,9,3
bensì,5,1
bestemmia,9,2
bestia,6,1
bettina,7,2
bianca,6,1
bianco,6,1
bicchiere,9,3
bieche,6,1
bigiognolo,10,1
birbone,7,1
birboni,7,2
biron,5,1
birri,5,1
bisogna,7,3
bisognati,9,1
bisognerebbe,12,1
bisogno,7,1
bisognò,7,1
bocca,5,9
boccone,7,1
bocconi,7,1
bonario,7,1
bontà,5,2
borgo,5,2
boschi,6,1
bottoni,7,1
braccia,7,2
braccio,7,4
braccj,6,1
brava,5,1
braverìa,8,1
bravi,5,22
bravo,5,6
brevemente,10,1
breviario,9,3
briareo,7,1
brillanti,9,1
brivido,7,1
broccato,8,1
brontolando,11,3
brontolìo,9,1
bruciore,8,1
brutale,7,1
brutti,6,1
brutto,6,2
bucato,6,1
buon,4,11
buona,5,5
buone,5,2
buontà,6,1
burberi,7,1
burgeto,7,1
burrasche,9,1
bussasse,8,1
busto,5,2
buttando,8,1
buttar,6,1
c,1,13
cabale,6,1
cacciò,6,1
cadaueri,8,1
cadere,6,1
cadeva,6,1
cagion,6,1
cagione,7,3
calante,7,1
calar,5,1
calze,5,1
calzoni,7,2
cambiando,9,1
camera,6,1
camerali,8,1
cameriero,9,1
cammina,7,1
camminando,10,1
camminasse,10,1
camminava,9,2
cammino,7,2
campagne,8,1
campeggia,9,1
campi,5,2
campioni,8,1
campo,5,1
cane,4,2
cani,4,2
cantando,8,1
canto,5,1
cantonate,9,1
canzonaccia,11,1
cap,3,2
capelli,7,1
capi,4,1
capire,6,1
capitan,7,1
capitano,8,1
capitorno,9,1
capo,4,7
capovolti,9,1
cappello,8,2
capricciose,11,1
caramente,9,1
carattere,9,2
caratteri,9,1
carestia,8,1
carico,6,2
carità,6,1
carlo,5,1
caro,4,5
carta,5,1
casa,4,10
casali,6,1
casato,6,1
cascante,8,1
casetta,7,1
caso,4,5
castello,8,1
castelnovo,10,1
castelvetrano,13,1
castiglia,9,1
catene,6,1
cattolica,9,1
cattolico,9,1
causale,7,1
cavadenti,9,1
cavalcioni,10,2
cavaliere,9,2
cavarmi,7,1
cavarne,7,1
cavarsi,7,1
cavereste,9,1
cavolo,6,1
cedere,6,1
celibe,6,1
cena,4,1
cencio,6,1
censore,7,1
censura,7,1
cento,5,2
cerca,5,1
cercando,8,2
cercar,6,1
cercare,7,1
cercavano,9,1
cercherò,8,2
cerchi,6,1
cert,4,3
certamente,10,4
certe,5,2
certi,5,2
certo,5,5
cessa,5,1
ceto,4,1
ch,2,29
che,3,331
chetamente,10,1
chi,3,21
chiacchiere,11,1
chiama,6,1
chiamano,8,1
chiamar,7,1
chiamava,8,3
chiamò,6,1
chiarirci,9,1
chiaro,6,5
chiave,6,5
chiesa,6,1
chinandola,10,1
chino,5,1
chiudendo,9,1
chiuder,7,1
chiudere,8,1
chiudeva,8,1
chiunque,8,1
chiuse,6,1
chiuso,6,1
ci,2,31
ciarlato,8,1
ciarle,6,1
cielo,5,11
cifra,5,1
cime,4,1
cinto,5,1
cintura,7,1
ciottoli,8,1
ciottoloni,10,1
cioè,4,5
circostante,11,1
circostanze,11,1
citeremo,8,1
città,5,8
ciuffo,6,1
civile,6,1
ciò,3,13
classe,6,2
classi,6,3
clemenza,8,1
clero,5,2
clientela,9,1
climi,5,1
co,2,3
cocuzzoli,9,1
coda,4,1
codeste,7,1
codesti,7,1
coglie,6,1
cognatio,8,1
coi,3,1
col,3,13
coll,4,1
collana,7,1
collare,7,1
collegati,9,1
collera,7,2
collo,5,3
colloquio,9,2
color,5,1
colore,6,1
colori,6,1
coloro,6,5
colpa,5,4
colpi,5,1
coltellaccio,12,1
coltellate,10,1
coltello,8,1
colui,5,5
com,3,7
comanda,7,1
comandante,10,1
comandare,9,1
comando,7,2
comari,6,1
come,4,66
cominci,7,1
cominciando,11,1
cominciasse,11,1
cominciava,10,1
cominciò,8,2
commettere,10,1
commettono,10,1
comminazioni,12,1
commission,10,1
commossa,8,1
commovere,9,1
como,4,1
comoda,6,1
compagni,8,1
compagnia,9,2
compagno,8,2
compagnone,10,1
comparendo,10,1
comparve,8,1
compatisco,10,1
compiacenza,11,1
complimento,11,1
compose,7,1
composte,8,1
comprarsi,9,1
comprendere,11,1
compresi,8,1
comprimere,10,1
comune,6,3
comunemente,11,1
comunicarle,11,1
con,3,115
concepita,9,1
concertato,10,1
concettini,10,1
conchiude,9,1
conchiudere,11,1
condanna,8,1
conditio,8,1
condizione,10,3
condoglianze,12,1
conduceva,9,1
condurre,8,1
condé,5,1
confermandosi,13,1
confermò,8,1
confessi,8,1
confetti,8,1
confidare,9,1
confidati,9,1
confidenza,10,2
confine,7,1
confluente,10,1
conformarci,11,1
confratelli,11,1
confraternite,13,1
confusione,10,1
confuso,7,1
congegnate,10,1
congiunge,9,1
congiurare,10,1
connivenza,10,1
conoscer,8,1
conoscere,9,1
conoscerlo,10,1
conosceva,9,2
conosciuti,10,2
conosciuto,10,1
conservarsi,11,1
considerabile,13,1
considerando,12,1
consigliere,11,1
consimili,9,1
consisteva,10,1
consolante,10,1
consolazione,12,1
consonanti,10,1
consterà,8,1
consuetudine,12,1
consulte,8,1
contadine,9,2
contadini,9,3
contando,8,1
contanti,8,1
conte,5,3
contemplate,11,1
contendenti,11,1
contento,8,2
contese,7,1
contestabile,12,2
conti,5,2
contigui,8,1
contingenti,11,1
continua,8,2
continuamente,13,1
continuando,11,1
continuare,10,1
continuava,10,1
continuo,8,3
continuò,8,2
conto,5,2
contornandosi,13,1
contra,6,1
contraddirgli,13,1
contrae,7,1
contrapposto,12,1
contrario,9,1
contrassegno,12,1
contrastar,10,1
contrasti,9,1
contravvenire,13,1
contro,6,15
convenisse,10,1
convento,8,1
conversazione,13,1
convien,7,1
cooperatore,11,1
copia,5,1
coraggioso,10,1
corda,5,3
cordova,7,1
corno,5,1
corpo,5,3
corporazione,12,1
correre,7,1
corretta,8,1
correva,7,2
correvano,9,1
corrispondendo,14,1
corro,5,1
corrono,7,1
corse,5,3
corso,5,2
corta,5,1
corteggio,9,1
cortile,7,3
cos,3,3
cosa,4,34
coscienza,9,1
cose,4,11
costa,5,2
costato,7,1
costei,6,1
costiera,8,2
costoro,7,4
costretta,9,1
costretto,9,4
costringendo,12,1
costui,6,2
costume,7,1
costumi,7,1
così,4,45
cotta,5,1
credere,7,4
crediamo,8,1
creditore,9,1
crescendo,9,1
crescente,9,1
crimen,6,1
critica,7,1
critiche,8,2
critico,7,1
crocchio,8,2
cui,3,13
cultus,6,1
cuoio,5,1
cuor,4,3
cuore,5,3
cura,4,2
curati,6,1
curato,6,14
curava,6,1
curiosità,9,1
curvo,5,1
d,1,77
da,2,66
dagl,4,1
dagli,5,2
dai,3,3
dal,3,18
dall,4,8
dalla,5,9
dalle,5,5
dallo,5,1
dandogli,8,1
danno,5,2
dar,3,3
dare,4,3
darebbe,7,1
dargli,6,2
darla,5,1
darle,5,2
darlo,5,1
darmi,5,1
darne,5,1
darà,4,1
data,4,2
date,4,4
datemi,6,2
dato,4,2
davano,6,1
davanti,7,4
davo,4,1
davvero,7,2
de,2,33
debole,6,1
debolezza,9,1
deboli,6,1
debolmente,10,1
decadenza,9,1
decembre,8,2
decidersi,9,1
decifrare,9,2
decise,6,1
decisivo,8,1
declamava,9,1
declamazioni,12,1
dedicava,8,1
deffinire,9,1
defformità,10,1
degl,4,2
degli,5,9
degni,5,1
degnino,7,1
degradando,10,1
dei,3,4
del,3,80
deliberazione,13,2
delitti,7,3
delitto,7,4
dell,4,25
della,5,40
delle,5,20
delli,5,1
dello,5,3
delusione,9,1
denti,5,1
dentro,6,3
denunciet,9,1
deposito,8,1
deputati,8,1
descritti,9,2
descriuendo,11,1
descrivere,10,1
desiderava,10,1
destino,7,1
destra,6,5
destrezza,9,1
determinata,11,1
determinato,11,1
detta,5,2
dette,5,1
detti,5,2
detto,5,14
deve,4,1
devo,4,1
di,2,349
dia,3,1
diabolica,9,1
diaboliche,10,1
diavoleria,10,1
dica,4,3
dice,4,2
dicendo,7,7
dicesse,7,1
diceva,6,4
dicevan,7,2
dicevo,6,1
dichiara,8,1
dicitura,8,3
dico,4,10
dicono,6,1
diede,5,3
dietro,6,5
difendere,9,1
difenderlo,10,1
difesa,6,3
difese,6,1
difesi,6,1
difficile,9,1
difficilmente,13,1
difficoltà,10,1
diffinisce,10,1
diggiuna,8,1
dignità,7,1
dilavato,8,1
diligentemente,14,1
dille,5,2
diluviavano,11,1
dinanzi,7,6
dio,3,7
dipende,7,1
dipendesse,10,1
dipendevano,11,1
dipinger,8,1
dipingeva,9,1
dipingevan,10,1
dipinte,7,1
dipresso,8,1
dir,3,11
diradar,7,1
dire,4,12
direi,5,1
dirette,7,1
dirimenti,9,1
dirimpetto,10,1
diritta,7,1
diritto,7,1
dirizzando,10,1
dirizzatura,11,1
dirlo,5,1
dirmi,5,1
dirsi,5,1
dirà,4,1
disarmata,9,1
discerna,8,1
discesa,7,1
discorrere,10,1
discorsi,8,3
discorso,8,1
discosto,8,1
discreta,8,1
discrezione,11,1
disegni,7,1
disegno,7,1
disgustati,10,1
disparitas,10,1
disparte,8,1
disparve,8,1
dispensa,8,1
disperata,9,1
dispetto,8,1
dispiace,8,1
dispiacere,10,3
dispiacque,10,1
disponendosi,12,1
disporle,8,1
disposizioni,12,1
disposto,8,2
disse,5,26
dissimulando,12,1
dissipò,7,1
distante,8,1
distendersi,11,1
distesa,7,2
distinguer,10,1
distinte,8,1
distrutta,9,1
disubbidire,11,1
disuguali,9,1
dita,4,3
dite,4,1
ditemi,6,2
dito,4,1
divenivan,9,1
divenne,7,1
diventar,8,1
divenuto,8,2
diversi,7,1
diverso,7,1
diviato,7,1
divideva,8,1
dividevano,10,1
dividon,7,1
divorato,8,1
dobbiam,7,2
dolce,5,1
dolorosamente,13,1
doloroso,8,1
domandar,8,1
domandarmi,10,1
domandò,7,2
domani,6,3
domestico,9,1
dominato,8,1
don,3,60
dond,4,1
donde,5,1
donna,5,1
donne,5,3
dopo,4,9
dormì,5,1
dose,4,1
dotato,6,1
doue,4,1
dourebbe,8,1
dov,3,1
dove,4,13
dover,5,2
dovere,6,3
doversi,7,1
dovesse,7,4
dovessero,9,1
dovette,7,1
doveva,6,5
dovevan,7,1
dovizioso,9,1
dovuto,6,2
dozzinale,9,1
dubbi,5,1
dubbio,6,2
dubitare,8,1
dubitativa,10,1
duca,4,5
due,3,37
dunque,6,8
duque,5,1
dura,4,1
durar,5,1
durata,6,1
duri,4,1
dà,2,4
dànno,5,1
dì,2,1
e,1,465
ebbene,6,1
eccellentissimo,15,7
eccellenza,10,2
eccitar,7,1
ecco,4,4
ed,2,12
educazione,10,1
effetto,7,5
egli,4,10
eh,2,8
ehm,3,3
el,2,1
eleganza,8,1
elevate,7,1
ella,4,2
emigrazione,11,1
emolumenti,10,1
empiendo,8,1
energia,7,1
enorme,6,1
enrico,6,1
enriquez,8,1
entra,5,1
entrambi,8,1
entrare,7,1
entrarono,9,1
entrava,7,1
entravan,8,1
entro,5,2
entrò,5,5
enumerati,9,1
era,3,62
eran,4,13
erano,5,4
eravamo,7,1
ereditaria,10,1
eroi,4,1
eroica,6,1
erranti,7,1
error,5,1
erta,4,2
erte,4,1
esacerbato,10,1
esame,5,2
esaminandole,12,1
esca,4,1
esce,4,1
esclamò,7,3
esecrata,8,1
esecutori,9,2
esecuzione,10,2
eseguire,8,2
eseguite,8,1
esempio,7,1
esenzioni,9,1
esercitar,9,1
esercitare,10,1
esercitarsi,11,1
esercitava,10,2
esercizio,9,1
esistiti,8,1
esorbitanti,11,1
esperienza,10,1
esperti,7,1
espone,6,1
esposta,7,1
espressamente,13,1
espressiva,10,1
essa,4,5
esse,4,3
essendo,7,4
essendosi,9,1
esser,5,9
essere,6,12
essergli,8,1
essi,4,8
esso,4,3
estate,6,1
estendere,9,1
esterminio,10,1
estesi,6,1
estirpare,9,1
estirparlo,10,1
estremità,9,1
estremo,7,1
et,2,7
etc,3,5
eternità,8,1
età,3,1
evidente,8,2
evidenza,8,1
fa,2,4
faccende,8,1
faccia,6,7
facendo,7,1
facendosi,9,1
facesse,7,1
facessi,7,1
faceste,7,1
faceva,6,5
facevam,7,1
facevan,7,2
facevano,8,1
facili,6,1
facilitar,9,1
facilitato,10,1
facinorosi,10,1
facoltà,7,1
falde,5,2
fallato,7,4
falso,5,1
fama,4,1
fame,4,1
famiglia,8,2
famigliare,10,1
fanciulle,9,1
fanciulletta,12,2
fandonie,8,1
fanno,5,6
fantasie,8,1
fantasticaggini,15,1
fantasticare,12,1
fantastico,10,1
far,3,18
fare,4,21
fargli,6,4
farla,5,2
farle,5,1
farlo,5,1
farmi,5,1
farsi,5,4
farà,4,4
farò,4,2
fastidiosi,10,1
fate,4,5
fatemi,6,1
fatica,6,3
fatiche,7,1
fatta,5,5
fatte,5,3
fatti,5,9
fatto,5,13
fattura,7,1
fautori,7,1
favore,6,1
febbraio,8,1
febbre,6,2
fece,4,11
fecero,6,1
fede,4,2
fedel,5,1
fedele,6,1
feria,5,2
ferite,6,1
ferma,5,1
fermarsi,8,2
fermato,7,1
fermo,5,2
fermò,5,2
fernandez,9,2
feroce,6,2
ferro,5,1
fessi,5,1
festa,5,1
fiamme,6,3
fianchi,7,1
fiaschetto,10,1
fiaterebbe,10,1
fidata,6,1
fiele,5,1
figlia,6,1
figliuol,8,3
figliuolo,9,1
figueroa,8,1
figura,6,1
figuracce,9,1
figurava,8,2
figure,6,3
fila,4,1
filaticcio,10,1
filatoio,8,1
filatore,8,1
fili,4,1
filigrana,9,1
filosofia,9,2
fin,3,5
finalmente,10,4
fine,4,4
finestra,8,1
fini,4,1
finir,5,1
finissimo,9,1
finito,6,1
finivano,8,1
fino,4,5
fioca,5,1
fiori,5,1
fissato,7,2
fissava,7,1
fisse,5,1
fisso,5,2
fitte,5,1
fiume,5,3
floridissima,12,1
floscio,7,1
fo,2,1
foci,4,1
foggia,6,1
folla,5,1
fondato,7,1
fondo,5,4
forbite,7,1
forestiera,10,1
forestieri,10,1
forma,5,1
formalità,9,2
formano,7,1
formare,7,1
formarne,8,1
formata,7,1
formato,7,1
formavano,9,1
forse,5,5
forte,5,4
fortezza,8,1
forti,5,2
forza,5,11
forzati,7,1
forzato,7,1
forze,5,2
fosse,5,10
fossero,7,2
fra,3,1
fracasso,8,1
frangenti,9,1
frasi,5,1
frazione,8,1
fredda,6,1
frequenti,9,1
frequentissime,14,1
fretta,6,8
frias,5,1
fronte,6,4
frugar,6,1
fu,2,13
fuentes,7,1
fuggire,7,1
fuggitivo,9,1
fughe,5,1
fuor,4,2
fuorché,7,1
fuori,5,9
furia,5,3
furie,5,1
furore,6,1
gagliarde,9,1
gala,4,1
galantuomini,12,2
galantuomo,10,4
galea,5,1
galera,6,1
gamba,5,3
gambe,5,2
gelosia,7,1
generale,8,1
generaliter,11,1
generalmente,12,1
genere,6,3
gente,5,3
gentile,7,1
gentiluomo,10,2
genuinamente,12,1
germogliare,11,1
gettar,6,1
gettata,7,1
gettate,7,1
ghiaia,6,1
giacché,7,3
giace,5,1
giamai,6,1
gioco,5,1
giogaia,7,1
gioghi,6,1
giogo,5,1
gioia,5,2
giornata,8,1
giorni,6,9
giorno,6,22
giovane,7,1
giovanetto,10,1
giovanili,9,1
giovanni,8,1
gioviale,8,1
gioviali,8,1
giovine,7,5
giovinotto,10,1
girando,7,1
girati,6,1
girava,6,1
girò,4,1
giudice,7,1
giudici,7,1
giudizio,8,3
giugno,6,1
giunse,6,1
giunto,6,3
giuramento,10,1
giurare,7,1
giurate,7,3
giurato,7,1
giurisperiti,12,1
giusti,6,2
giustificarne,13,1
giustizia,9,2
giusto,6,1
già,3,13
giù,3,1
gl,2,7
gli,3,54
glielo,6,1
gloriose,8,1
gocciolo,8,1
goffaggine,10,1
golfi,5,2
gomez,5,1
gomita,6,1
gomito,6,1
gonfi,5,1
gongola,7,1
gonnella,8,1
gonzalo,7,1
governatore,11,6
governo,7,3
gradevolmente,13,1
grado,5,2
graffiato,9,1
grammatica,10,1
gran,4,23
granati,7,1
grand,5,1
grande,6,1
grandine,8,1
grandiosa,9,1
grida,5,6
gridando,8,1
gridare,7,1
gride,5,7
gridò,5,1
grigi,5,1
grilli,6,1
grillo,6,1
grosse,6,1
grossi,6,1
gruppo,6,1
guadagnar,9,1
guai,4,1
guardando,9,2
guardandolo,11,2
guardano,8,1
guardarsi,9,1
guardata,8,1
guardati,8,2
guardava,8,1
guardi,6,1
guardia,7,1
guarnigione,11,1
guarnita,8,1
guerra,6,1
guerre,6,1
guerriera,9,1
guisa,5,1
gusto,5,1
ha,2,23
hanno,5,1
haro,4,1
hauendo,7,1
hauuto,6,1
heroe,5,1
heroi,5,1
historia,8,1
ho,2,17
honestas,8,1
horrori,7,1
humana,6,1
huomini,7,2
hynojosa,8,1
i,1,64
idea,4,1
idee,4,1
idiotismi,9,1
ignorante,9,1
ih,2,1
ii,2,1
il,2,181
ilarità,7,1
illumina,8,1
illustre,8,1
illustri,8,1
illustrissimo,13,9
imbalsamando,12,1
imbasciata,10,1
imbrogli,8,3
imitazione,10,1
immaginare,10,1
immaginazione,13,1
immaginò,8,1
immediata,9,1
immediato,9,1
immobile,8,1
immunità,8,1
impastocchiate,14,1
impaziente,10,3
impazienza,10,1
impedimenti,11,4
impedimento,11,2
impegnasse,10,1
imperciocché,12,1
imperfettione,13,1
impicci,7,3
impicciata,10,1
impiccio,8,2
impiegar,8,1
impiegare,9,1
impiegato,9,1
imponeva,8,1
importanza,10,1
impotenza,9,1
impresa,7,1
imprese,7,2
impressione,11,1
improperio,10,1
imprudente,10,1
impugnati,9,1
impunità,8,3
in,2,181
inazione,8,1
incalzanti,10,1
incammina,9,1
incantato,9,1
incapaci,8,1
incaricati,10,1
incarico,8,1
inceppare,9,1
incertezza,10,2
incerto,7,1
inchini,7,1
inchino,7,2
inchiostri,10,1
inciampo,8,1
inclinazione,12,1
incontrarsi,11,1
incontrato,10,1
incontrava,10,1
incontri,8,1
incontro,8,6
incrociate,10,1
indagine,8,1
indefinite,10,1
indicando,9,1
indice,6,2
indietro,8,7
indiscrezione,13,1
individui,9,2
individuo,9,2
indizj,6,1
indomani,8,1
indovinare,10,1
infame,6,1
infanti,7,1
inferiore,9,1
inferiori,9,1
inferno,7,1
informarlo,10,1
informata,9,1
informativo,11,1
informato,9,4
infuriati,9,1
ingegno,7,1
ingenuità,9,1
inghiottiti,11,1
ingrossa,8,1
iniqua,6,1
iniquità,8,1
iniquo,6,1
innamorano,10,1
innamorato,10,1
innanzi,7,2
inoffensivo,11,1
inquieto,8,1
insegnavan,10,1
inseguimenti,12,1
inseguitemi,11,1
insidia,7,1
insidie,7,1
insieme,7,11
insomma,7,1
insultata,9,1
insulto,7,1
intanto,7,5
intende,7,1
intendere,9,2
intenderà,9,1
intenzion,9,1
intenzione,10,4
interessati,11,1
interessato,11,1
interesse,9,3
intermezi,9,1
internandosi,12,1
interni,7,1
interrogare,11,1
interrompere,12,1
interrotte,10,1
interrotto,10,1
interruppe,10,4
intese,6,1
intima,6,2
intimazione,11,1
intollerabile,13,2
intorno,7,9
intraprendenti,14,1
intraprendere,13,1
introduzione,12,1
intromette,10,1
inuguali,8,1
invano,6,2
invenzioni,10,1
involta,7,1
io,2,41
iosa,4,1
ipsilon,7,1
ira,3,1
iracondo,8,1
iscansarli,10,1
iscoprire,9,1
iscoprite,9,1
ispavento,9,1
ispegnerla,10,1
ispianate,9,1
ispiar,6,1
istantaneo,10,1
istante,7,1
istinto,7,1
italia,6,1
iv,2,1
ivi,3,3
juan,4,1
l,1,92
la,2,163
labirinti,9,1
lago,4,7
laiche,6,1
lamentazioni,12,1
lamenti,7,1
lamine,6,1
lampante,8,1
lampo,5,1
lanciarsi,9,1
lanciava,8,1
lara,4,1
larga,5,1
larghe,6,1
lasceremo,9,1
lasci,5,2
lascian,7,1
lasciando,9,1
lasciandosi,11,1
lasciarne,9,1
lasciasse,9,1
lasciato,8,1
lasciavan,9,1
latino,6,2
latinorum,9,1
lavo,4,1
lavoranti,9,1
lavorare,8,1
lavorava,8,1
lavoro,6,4
le,2,107
lecco,5,1
lecito,6,1
lega,4,2
legale,6,2
legato,6,1
legge,5,2
leggerla,8,1
leggesse,8,1
leggi,5,2
leggiera,8,1
leggieri,8,1
leggiero,8,1
leggìo,6,1
leghe,5,1
legislatore,11,1
lei,3,19
lembo,5,1
lentamente,10,2
lento,5,2
leone,5,1
lettera,7,1
letteratura,11,1
letto,5,4
lettore,7,5
lettori,7,2
levar,5,1
levarnela,9,1
levata,6,1
leverebbe,9,1
li,2,8
libera,6,1
liberamente,11,1
liberare,8,1
liberi,6,2
libero,6,1
libri,5,1
libro,5,7
licenza,7,1
licenziar,9,1
lieta,5,2
ligamen,7,1
lingua,6,1
livrea,6,1
lo,2,34
locché,6,1
lombarda,8,1
lombardi,8,1
lombardia,9,1
lontano,7,1
lor,3,3
lorenzo,7,1
loro,4,28
luce,4,4
lucenti,7,1
lucia,5,23
lucida,6,1
lucido,6,1
lucrosa,7,1
lui,3,23
lume,4,2
luna,4,1
lunga,5,2
lungamente,10,1
lunghe,6,2
lunghi,6,4
luochi,6,1
luoghi,6,1
luogo,5,7
lusinga,7,1
luttuose,8,1
là,2,7
m,1,7
ma,2,87
madonna,7,1
madre,5,3
maestranze,10,1
maestà,6,2
maggio,6,1
maggior,7,1
maggiore,8,1
maggiori,8,1
magistrati,10,1
magnifico,9,1
mai,3,21
mal,3,1
mala,4,2
malanno,7,2
malatesti,9,1
malattie,8,1
male,4,9
maledicevano,12,1
maledizione,11,1
malitia,7,1
malvaggità,10,2
manca,5,1
mancare,7,1
mancasse,8,1
mancassero,10,1
mancava,7,1
mancavan,8,2
mandante,8,1
mandare,7,1
mandato,7,1
mandavamo,9,1
mandi,5,1
maneggj,7,1
mangi,5,1
mani,4,7
maniche,7,1
manico,6,3
maniera,7,1
manieroso,9,1
mano,4,13
manoscritto,11,4
mansueta,8,1
maraviglia,10,1
marchese,8,2
marco,5,1
maritar,7,1
maritarci,9,1
maritarmi,9,1
maritarsi,9,1
maritarvi,9,1
marito,6,2
martello,8,1
martino,7,1
martiri,7,1
massaio,7,1
massi,5,1
massime,7,1
massimo,7,1
materie,7,2
matrimonio,10,7
matrimonium,11,1
mattina,7,3
mattone,7,1
me,2,21
meccaniche,10,1
medesime,8,1
medesimo,8,1
medesmo,7,1
medici,6,1
medicina,8,1
medio,5,1
meditata,8,1
meglio,6,6
memorabile,10,1
memorabili,10,1
memoria,7,1
memorie,7,1
men,3,3
menando,7,1
menava,6,1
mendozza,8,1
meno,4,7
mentalmente,11,1
mente,5,10
mento,5,1
mentre,6,5
menzione,8,1
mercante,8,1
mercanti,8,1
mercato,7,1
mescendo,8,1
mese,4,1
mesi,4,2
messa,5,2
messe,5,2
messele,7,1
messere,7,1
messi,5,2
messo,5,2
messosi,7,1
metta,5,1
mettendo,8,3
metter,6,3
metterci,8,1
mettere,7,2
metterebbe,10,1
metterla,8,1
metterlo,8,1
mettersi,8,4
mettesse,8,1
mettono,7,1
mezzi,5,3
mezzo,5,6
mezzogiorno,11,1
mi,2,29
mia,3,7
miei,4,5
migliori,8,1
milanese,8,1
milano,6,5
militare,8,2
mille,5,1
minacce,7,2
minaccia,8,2
minacciare,10,1
minacciata,10,1
minaccioso,10,2
ministero,9,2
minuta,6,1
minutamente,11,1
minute,6,1
mio,3,19
mira,4,1
mirabile,8,1
mischiarsi,10,1
mise,4,6
miserabile,10,1
miseria,7,2
misericordia,12,3
misterioso,10,1
mistero,7,2
misto,5,1
misure,6,1
modesta,7,2
modestia,8,2
modi,4,1
modo,4,7
moglie,6,1
molestare,9,1
molte,5,4
molti,5,4
moltiplicando,13,1
moltiplici,10,1
molto,5,7
momentaneamente,15,1
momenti,7,3
momento,7,15
monaci,6,1
mondella,8,1
mondo,5,9
monizione,9,1
montagna,8,1
montagne,8,1
monte,5,6
monti,5,6
mordere,7,1
morosa,6,1
morti,5,1
morto,5,2
mossa,5,3
mosse,5,2
mostra,6,2
mostrare,8,3
mostraron,9,1
motivi,6,1
movimento,9,1
mura,4,1
murettino,9,1
muri,4,2
muricciolo,10,2
muro,4,4
mustacchi,9,1
mutabili,8,1
mutano,6,1
mutata,6,1
mutato,6,1
n,1,6
nappa,5,1
narratione,10,1
narrazione,10,1
nascer,6,2
nascevan,8,1
nascita,7,1
nascondendo,11,1
nascondevo,10,1
nascono,7,1
nascosta,8,1
nastri,6,1
nata,4,1
nate,4,1
nato,4,2
naturale,8,3
naturalmente,12,2
ne,2,31
necessarie,10,1
negarla,7,1
negata,6,1
negli,5,2
nei,3,1
nel,3,25
nell,4,11
nella,5,16
nelle,5,8
nello,5,5
nemici,6,1
nemico,6,4
nemmen,6,3
neppur,6,2
neppure,7,1
neri,4,2
nessun,6,4
nessuna,7,2
nessuno,7,6
netto,5,2
neutralità,10,1
niente,6,15
no,2,4
nobil,5,1
nobile,6,2
nobili,6,3
nobilissimo,11,1
nobiltà,7,1
noi,3,13
nome,4,14
nomi,4,3
non,3,205
nostra,6,1
nostri,6,3
nostro,6,8
notabile,8,1
notitia,7,1
notizia,7,1
noto,4,1
notte,5,7
notturno,8,1
novembre,8,1
novità,6,1
nozze,5,2
nulla,5,7
numero,6,4
numerodà,8,1
nuova,5,4
nuove,5,2
nuovi,5,7
nuovo,5,9
né,2,17
o,1,43
obbedita,8,1
obbliga,7,1
obbligati,9,1
obbligazione,12,1
obblighi,8,1
obiezion,8,1
obiezioni,9,1
occasione,9,5
occasioni,9,1
occhi,5,13
occhiata,8,2
occhij,6,1
occhio,6,4
occorrente,10,1
occorrenza,10,1
occorso,7,1
occupata,8,1
od,2,1
offendere,9,1
offenderle,10,1
offerse,7,1
offerti,7,1
offesi,6,1
offeso,6,1
officiale,9,1
oggetti,7,1
oggi,4,10
oggigiorno,10,1
ogni,4,30
ognun,5,1
ognuna,6,3
ognuno,6,4
oh,2,11
ohimè,5,2
oibò,4,1
oligarchie,10,1
oltre,5,3
ombra,5,1
omero,5,1
omicidii,8,1
omicidio,8,2
onde,4,2
onestamente,11,1
onesti,6,1
onninamente,11,2
onor,4,1
onore,5,1
opera,5,2
operaio,7,1
operare,7,1
operationi,10,1
operazioni,10,1
opinione,8,1
opportuni,9,1
opposte,7,3
opposto,7,1
oppresso,8,1
opprimer,8,1
or,2,1
ora,3,14
oratore,7,1
ordina,6,1
ordinazioni,11,1
ordine,6,2
ordini,6,1
ordinò,6,2
ordir,5,1
ordo,4,1
orecchio,8,7
organizzata,11,1
oricalchi,9,1
origine,7,1
orizzonte,9,1
orna,4,1
ornamento,9,1
oro,3,2
orrore,6,1
orsù,4,2
orticello,9,1
orto,4,1
osato,5,1
oscuro,6,1
ossa,4,1
ossatura,8,1
ostacoli,8,1
ostante,7,1
ostinate,8,1
ottenere,8,2
ottimo,6,1
otto,4,1
ottobre,7,1
ottone,6,1
ouuero,6,1
ov,2,1
oziosamente,11,1
pace,4,2
pacifici,8,2
pacifico,8,1
padre,5,1
padrone,7,10
paese,5,6
paesello,8,1
paesetti,8,1
paghe,5,1
pagina,6,1
paia,4,1
palazzo,7,1
palme,5,1
pandolfo,8,1
panni,5,2
par,3,3
paragone,8,1
parche,6,1
pare,4,1
parentela,9,1
parenti,7,3
parer,5,2
parere,6,7
pareri,6,2
paressero,9,1
pareva,6,2
parevano,8,1
pari,4,2
parlar,6,2
parlare,7,8
parlarle,8,1
parlarne,8,1
parlato,7,3
parlava,7,1
parlerà,7,1
parli,5,2
parlo,5,1
parola,6,6
parolacce,9,1
parole,6,4
parolina,8,2
parsa,5,1
parte,5,21
parti,5,4
particolare,11,3
particolareggiati,17,1
partir,6,1
partiti,7,2
partito,7,4
partiva,7,1
parto,5,1
partì,5,1
parve,5,4
passa,5,1
passar,6,1
passare,7,1
passata,7,2
passava,7,1
passeggiata,11,2
passeggiate,11,1
passeggiere,11,1
passeggiero,11,1
passi,5,4
passione,8,2
passo,5,8
passò,5,1
pasticci,8,2
paura,5,6
paure,5,1
paziente,8,1
pazienza,8,10
pazzamente,10,1
pecca,5,1
peccato,7,1
pedata,6,2
pedestri,8,1
peggio,6,4
peggior,7,1
pelle,5,1
penare,6,1
pendìo,6,1
pene,4,2
penne,5,1
penosi,6,1
pensa,5,1
pensai,6,1
pensano,7,1
pensar,6,1
pensarci,8,1
pensare,7,4
pensate,7,1
pensato,7,2
penserà,7,1
penserò,7,2
pensi,5,1
pensieri,8,8
pensiero,8,7
pensino,7,1
penso,5,4
pensò,5,5
pentirsi,8,1
pentirà,7,1
pentiva,7,1
per,3,147
perché,6,26
perciò,6,1
perdendosi,10,1
perder,6,2
perdersi,8,1
perduta,7,1
perduto,7,2
perentoria,10,1
perfino,7,1
pericolo,8,3
pericolose,10,1
periodi,7,1
periodo,7,2
pernizioso,10,2
perpetua,8,21
perpetuo,8,1
persona,7,2
personaggi,10,2
personaggio,11,1
personaggj,10,1
personali,9,1
personalmente,13,1
persone,7,2
persuadere,10,1
perturbatori,12,1
pervertimento,13,1
però,4,17
peso,4,1
pessimo,7,1
pettegolezzi,12,1
petto,5,4
pezze,5,1
pezzo,5,4
piacere,7,2
pian,4,1
piane,5,1
pianelle,8,1
pianeti,7,1
piangere,8,1
piano,5,2
piantandogli,12,1
piantarsi,9,1
piccol,6,2
piccola,7,3
piccole,7,1
piccolissimo,12,1
piccolo,7,2
piede,5,3
piedi,5,5
pieghe,6,1
piena,5,2
pienamente,10,3
pietosi,7,1
pietro,6,1
piglia,6,1
piglian,7,1
pistole,7,1
piuttosto,9,1
più,3,74
piùttosto,9,1
placido,7,1
po,2,7
poca,4,2
poche,5,2
pochi,5,4
poco,4,7
poderetto,9,1
podestà,7,1
poggi,5,1
poggio,6,1
poi,3,44
poiché,6,1
politici,8,1
polso,5,1
polvere,7,1
ponte,5,2
popolazione,11,1
porpora,7,1
porta,5,2
portamento,10,2
portano,7,1
portar,6,1
portata,7,1
portava,7,2
porto,5,1
posato,6,1
positivo,8,1
possa,5,1
possedere,9,1
possedeva,9,1
possibili,9,1
possibilità,11,1
posso,5,12
posteri,7,1
posteriori,10,1
posti,5,1
posto,5,1
potendo,7,1
potentati,9,1
potente,7,5
potenti,7,1
potenza,7,1
poter,5,1
potere,6,1
poterla,7,1
potersi,7,2
potesse,7,5
potete,6,2
poteva,6,9
potevan,7,1
potevano,8,2
potranno,8,1
potrebb,7,1
potrebbe,8,2
potremo,7,1
potreste,8,1
potuto,6,5
poté,4,3
pover,5,4
poveretto,9,1
poveri,6,2
povero,6,11
precauzioni,11,1
precipitando,12,1
precisa,7,1
predecessore,12,1
predicava,9,1
prediletta,10,1
prediletto,10,1
pregato,7,1
premere,7,1
premio,6,1
premura,7,1
premurosa,9,1
prencipi,8,1
prendendogli,12,1
prendendole,11,1
prender,7,4
prendere,8,2
prenderla,9,1
prenderle,9,1
prenderà,8,1
prendeva,8,2
prendevan,9,1
prendiamo,9,1
preparare,9,1
prepotente,10,2
prepotenti,10,4
prescrive,9,2
prescrizioni,12,1
prese,5,3
presentare,10,1
presentarsi,11,1
presentato,10,1
presente,8,2
presentimento,13,1
presentò,8,1
presero,7,2
prestargli,10,1
presto,6,1
presumere,9,1
prete,5,1
pretendiam,10,1
pretesti,8,1
preti,5,1
prevenire,9,1
prigionieri,11,1
prima,5,16
prime,5,1
primi,5,1
primo,5,4
principale,10,1
principali,10,1
principalmente,14,3
principe,8,2
principi,8,1
principio,9,2
private,7,1
privato,7,1
privilegi,9,3
privilegiata,12,1
privo,5,1
pro,3,1
probabilità,11,1
procacciar,10,1
procacciarsi,12,1
procedono,9,1
procedure,9,1
processo,8,1
procurando,10,1
procurare,9,1
procurerò,9,1
prodezza,8,1
producevan,10,1
proemio,7,1
profane,7,1
proferendo,10,1
proferire,9,1
proferisse,10,1
proferito,9,1
proferì,7,1
professione,11,2
profondamente,13,1
profondo,8,1
proibire,8,1
proibito,8,1
prolissità,10,1
prolungano,10,1
prolungar,9,1
promessa,8,2
promesse,8,2
promesso,8,1
promettete,10,1
prometto,8,1
promontorio,11,1
pronti,6,1
pronto,6,2
pronunziato,11,2
pronunziò,9,1
proponimento,12,1
proporzione,11,1
proposito,9,2
proposto,8,1
propria,7,3
proprie,7,1
proprio,7,5
proruppe,8,1
prosapia,8,1
proseguiva,10,1
proseguì,8,1
prospetti,9,1
protegge,8,1
proteggeva,10,1
proteste,8,1
protezione,10,1
provare,7,2
provasse,8,1
provata,7,1
provato,7,1
proverà,7,1
provocatori,11,1
provvisto,9,1
prudenza,8,1
pubblica,8,1
pubblicazione,13,1
pubblici,8,1
pubblico,8,1
pugnale,7,1
pugni,5,2
pugno,5,1
punire,6,1
punta,5,4
punti,5,1
puntiglio,9,1
punto,5,9
pur,3,6
purché,6,2
pure,4,7
purgatorio,10,1
puri,4,2
purissimi,9,1
può,3,11
qua,3,7
qual,4,5
qualche,7,29
qualcheduno,11,3
qualcosa,8,3
quale,5,12
quali,5,7
qualificati,11,1
qualità,7,2
qualmente,9,1
qualsivoglia,12,1
qualunque,9,2
quand,5,1
quando,6,26
quant,5,1
quanta,6,1
quante,6,2
quanti,6,5
quanto,6,5
quantunque,10,1
quaranta,8,1
quasi,5,12
quattr,6,1
que,3,14
quegli,6,2
quel,4,47
quell,5,8
quella,6,25
quelle,6,16
quelli,6,9
quello,6,11
quest,5,4
questa,6,28
queste,6,10
questi,6,16
questione,9,3
questioni,9,2
questo,6,32
qui,3,9
quiete,6,2
quieti,6,1
quieto,6,1
quindi,6,4
quindici,8,4
quotidiano,10,1
rabbia,6,1
raccapezzar,11,1
raccomodarlo,12,1
racconta,8,1
raccontare,10,1
raccontato,10,1
racconto,8,4
raccontò,8,2
raddirizzar,11,1
raddolcita,10,1
radici,6,1
ragazzacci,10,1
ragazzone,9,1
raggi,5,1
raggiunse,9,1
ragion,6,1
ragione,7,5
ragionevole,11,1
ragionevoli,11,1
ragioni,7,6
rallentarsi,11,1
rammentò,8,3
ramo,4,1
rapido,6,1
rapiscono,9,1
rappresentano,13,1
rappresentava,13,1
rassegna,8,1
rassicurando,12,1
rassicurava,11,1
ravvolgevan,11,1
re,2,2
reale,5,1
realmente,9,1
recitato,8,1
recitò,6,1
regii,5,1
regola,6,2
regolavan,9,1
rei,3,1
relatione,9,1
remissione,10,1
renda,5,1
rendere,7,3
rendersi,8,1
rendono,7,1
renitenti,9,1
renzo,5,44
replicare,9,1
replicò,7,3
represso,8,1
resegone,8,1
resistere,9,2
reso,4,1
respinti,8,1
respiro,7,1
resto,5,2
restò,5,1
reticella,9,1
retroguardia,12,1
rettorica,9,2
ribalda,7,1
ribalderia,10,1
ribalderie,10,1
ribaldi,7,1
ribatterle,10,1
ricami,6,1
ricamo,6,1
ricapitolò,10,1
ricchi,6,1
ricco,5,1
ricerche,8,3
ricevere,8,1
richiama,8,1
richiamato,10,1
richiedono,10,1
richiuse,8,1
riconosceva,11,1
riconosciuti,12,1
ricorda,7,1
ricordi,7,1
ricorre,7,1
ricorreggere,12,1
ricoverarsi,11,1
ridersi,7,1
ridicola,8,1
ridotti,7,1
rientrare,9,1
rifar,5,1
rifarne,7,1
rifiutando,10,1
rifiutati,9,1
rifiutava,9,1
riflessione,11,1
riflesso,8,1
riflette,8,1
rigido,6,1
rigogliosa,10,1
rigore,6,2
riguarda,8,1
riguardarsi,11,1
rilevata,8,1
rilevate,8,1
rimanendo,9,1
rimanersi,9,1
rimaneva,8,2
rimanevano,10,1
rimase,6,1
rimasti,7,1
rimasto,7,1
rimbombar,9,1
rimbombo,8,2
rimedi,6,1
rimette,7,1
rimettetevi,11,1
rimorso,7,1
rimproverate,12,1
rimproveri,10,1
rincomincia,11,1
rinforzate,10,1
ripetendo,9,1
ripeté,6,2
ripide,6,1
ripiego,7,2
ripieno,7,1
ripigliar,9,1
riporlo,7,1
riportati,9,1
ripose,6,1
riprese,7,3
ripubblicare,12,1
ripubblicate,12,1
riputato,8,1
riputazione,11,2
rischio,7,1
riscontrandole,14,1
riscotere,9,1
risentirsi,10,1
risentita,9,1
riservassero,12,1
riso,4,1
risoluta,8,2
risoluti,8,1
risoluto,8,2
risolvon,8,1
risparmio,9,1
rispettabile,12,1
rispetti,8,1
rispetto,8,3
risplenda,9,1
risponde,8,1
risponder,9,1
rispondergli,12,1
rispose,7,11
risposta,8,2
risposte,8,2
rispostole,10,1
ristringersi,12,1
risvegliò,9,1
ritenere,8,1
ritenga,7,1
ritenne,7,1
ritrovati,9,1
ritta,5,1
riunirsi,8,1
riunite,7,1
riuscir,7,1
riuscisse,9,2
riuscito,8,1
riuscivamo,10,1
riva,4,2
rive,4,3
riverente,9,1
riverisce,9,1
riverisco,9,1
riverita,8,1
rivolgendo,10,1
rivolgendosi,12,1
rivolse,7,1
rivoltava,9,1
rocroi,6,1
rodrigo,7,8
rompe,5,1
ronzavano,9,1
ronzìo,6,1
rotta,5,1
rotto,5,1
rovesciò,8,1
rovinarmi,9,1
rovinarsi,9,1
rovine,6,1
rozzo,5,2
rubavano,8,1
ruberie,7,1
ruminò,6,1
rupi,4,1
s,1,40
sa,2,9
sacco,5,1
sacrificarsi,12,1
sacro,5,2
saggio,6,1
sagrifizio,10,1
salario,7,1
sale,4,1
salire,6,1
saliva,6,1
salmo,5,1
salotto,7,3
saltato,7,1
salto,5,1
salute,6,3
saluto,6,1
salvo,5,1
salì,4,2
san,3,1
sangue,6,2
sanno,5,2
sant,4,1
santi,5,1
saper,5,2
sapere,6,5
saperli,7,1
saperne,7,1
sapessero,9,1
sapete,6,5
sapeva,6,7
sapevate,8,2
sappia,6,3
sappiamo,8,1
saputo,6,1
sarebbe,7,8
sarebber,8,2
sarebbero,9,3
sarei,5,1
sarà,4,3
savoia,6,1
sbagliato,9,1
sbaglio,7,1
sbrattare,9,1
sbrigato,8,1
scalcinatura,12,1
scale,5,2
scalini,7,1
scansar,7,1
scansare,8,1
scappando,9,2
scappar,7,1
scarabocchio,12,1
scaricarsi,10,1
scarsa,6,1
scartabellando,14,1
scartafaccio,12,1
sceleraggini,12,1
scellerato,10,1
scelta,6,1
scemando,8,1
scemato,7,1
scena,5,2
scende,6,1
scendeva,8,1
scene,5,1
scese,5,1
schermendo,10,1
scherza,7,1
schiamazzi,10,1
schiena,7,2
schiera,7,1
schietta,8,1
schietto,8,1
schioppettata,13,1
schioppettate,13,2
schioppo,8,2
schivare,8,1
sciagura,8,1
sciagurato,10,1
scomparir,9,1
scomparsi,9,1
scomparso,9,1
scompor,7,1
sconcertato,11,1
scongiuro,9,1
sconosciuta,11,1
sconosciuto,11,1
scoperto,8,1
scoppiavano,11,1
scoprire,8,1
scorcia,7,1
scorgendo,9,1
scorgeva,8,1
scorretto,9,1
scovar,6,1
scritti,7,1
scrivere,8,1
scrivesse,9,1
scudo,5,1
scusi,5,1
sdegnosa,8,1
sdegnosi,8,1
se,2,53
secentista,10,1
seco,4,1
secoli,6,1
secolo,6,1
seconda,7,3
secondariamente,15,1
secondo,7,5
sega,4,1
seggiola,8,1
seggiolone,10,3
segni,5,1
segno,5,7
segreta,7,1
segreti,7,1
segreto,7,2
seguente,8,1
sei,3,2
selvaggio,9,1
sembrate,8,1
sembrati,8,1
sembrato,8,1
seme,4,2
seminata,8,1
sempre,6,23
senatori,8,1
seni,4,2
sensibile,9,1
senta,5,1
sente,5,2
sentenza,8,1
senti,5,1
sentiamo,8,1
sentiero,8,1
sentire,7,2
sentirsi,8,2
sentisse,8,2
sentite,7,1
sentiva,7,2
sento,5,1
sentì,5,1
senz,4,1
senza,5,25
separate,8,1
separava,8,1
sepolte,7,1
sera,4,1
seria,5,1
seriamente,10,2
serie,5,1
serio,5,2
serpeggiamento,14,1
serpeggianti,12,1
serva,5,2
servirvi,8,1
servito,7,1
servitori,9,2
servivano,9,1
servizio,8,1
sessant,7,1
sessanta,8,1
seta,4,4
sette,5,1
settembre,9,1
settentrione,12,1
settimana,9,3
severamente,11,1
severissime,11,1
sevitie,7,1
sfarzose,8,1
sfogare,7,1
sfogo,5,1
sforzi,6,2
sforzo,6,1
sgangherati,11,1
sgarbatamente,13,1
sgomberare,10,1
sguaiato,8,2
sguardo,7,6
si,2,105
sia,3,6
siam,4,7
siamo,5,7
siano,5,4
siccome,7,2
sicilia,7,1
sicure,6,1
sicuro,6,2
sieno,5,1
siepe,5,1
sigillava,9,1
significato,11,1
signor,6,18
signore,7,12
signori,7,5
sij,3,2
sijno,5,2
silenzio,8,2
sillabe,7,1
simili,6,1
sinceramente,12,1
singolare,9,1
sinistra,8,2
sinistro,8,1
sinodale,8,1
sis,3,1
sistema,7,3
smania,6,1
smarrita,8,1
smarrito,8,1
smovere,7,1
so,2,8
soccorrere,10,1
società,7,1
sofferto,8,1
soffrivano,10,1
soggetti,8,1
soggiunse,9,1
soglia,6,3
sogni,5,1
sogno,5,1
sol,3,1
sola,4,4
soldati,7,2
sole,4,3
solecismi,9,1
solenne,7,3
soli,4,3
solita,6,2
solito,6,4
solleuarsi,10,1
sollevarle,10,1
solo,4,6
soltanto,8,4
somigliare,10,1
somma,5,3
sommissioni,11,1
son,3,16
sonno,5,1
sono,4,5
sopra,5,12
sopraccigli,11,1
sopravvenuto,12,1
sorpresa,8,1
sorpreso,8,1
sorriso,7,3
sorta,5,1
sorte,5,1
sospender,9,1
sospensioni,11,1
sospeso,7,1
sospetti,8,2
sospetto,8,2
sospirando,10,2
sospirato,9,1
sospiro,7,1
sostanza,8,1
sostener,8,1
sostenere,9,3
sostenuti,9,1
sostituita,10,1
sottile,7,1
sotto,5,6
sottomettere,12,1
sottrarci,9,1
sottrarre,9,1
soverchiatore,13,2
soverchiatori,13,1
soverchieria,12,1
soverchierie,12,1
sovvenne,8,1
spadone,7,1
spagnola,8,1
spagnoli,8,1
spalancato,10,1
spalle,6,2
spalliera,9,1
spandersi,9,1
spandino,8,1
sparava,7,1
sparir,6,1
sparisce,8,1
sparite,7,1
sparse,6,1
spartiti,8,1
spasso,6,1
spavento,8,1
spazia,6,1
specchio,8,1
speciale,8,1
specie,6,3
spedì,5,1
spenzolata,10,1
speranza,8,1
speranze,8,1
speravo,7,1
spero,5,1
spesa,5,1
spesso,6,2
spettabili,10,1
spettacoli,10,1
spettacolo,10,1
spianava,8,1
spiccò,6,1
spiegano,8,1
spiegatemi,10,1
spieghi,7,3
spilli,6,1
spingeva,8,1
spinte,6,1
spoglie,7,1
sporgenti,9,1
sporgere,8,1
sposa,5,1
sposare,7,1
spose,5,1
sposi,5,1
sposo,5,2
sprigionandosi,14,1
sproposito,10,2
spunta,6,1
spuntava,8,1
squadrati,9,1
squarci,7,2
squarcio,8,1
sta,3,2
stabile,7,1
stabilito,9,1
staccato,8,1
staggione,9,1
stampassero,11,1
stampatori,10,1
stando,6,1
stanga,6,1
stanza,6,2
star,4,1
stare,5,1
stata,5,3
stati,5,4
stato,5,10
stava,5,6
stavano,7,1
stavate,7,1
stelle,6,1
stendendo,9,1
stentato,8,1
stento,6,2
stessa,6,1
stesse,6,1
stessero,8,1
stessi,6,4
stesso,6,13
stette,6,2
stia,4,1
stile,5,2
stimare,7,1
stizza,6,2
stizzosa,8,3
stomaco,7,1
storia,6,7
strada,6,11
strade,6,1
stradetta,9,2
stradette,9,2
stradicciole,12,1
stralunati,10,1
stranamente,11,1
stranezza,9,1
strani,6,1
strano,6,2
straordinario,13,1
stravaganze,11,1
stravolto,9,1
strette,7,1
stretti,7,1
stretto,7,1
strisciando,11,1
studiate,8,1
studio,6,1
studiò,6,1
stuolo,6,1
su,2,12
sua,3,30
suarez,6,1
subito,6,16
sublimità,9,1
succhiargli,11,1
sudditi,7,1
sue,3,9
sufficienti,11,1
suggerir,8,1
suggerire,9,2
sui,3,2
sul,3,17
sull,4,3
sulla,5,13
sulle,5,2
suo,3,29
suoi,4,12
suol,4,1
superba,7,1
superiori,9,2
supplica,8,1
supporre,8,1
sur,3,3
suscitar,8,1
sussurrò,8,1
svegliarsi,10,1
svolge,6,1
sé,2,8
sì,2,3
tabernacolo,11,2
taccio,6,1
tacere,6,6
tacerà,6,1
tacete,6,1
taciuto,7,1
tagliato,8,1
taglio,6,1
tal,3,8
talché,6,1
tale,4,4
tali,4,3
talibravi,9,1
taluni,6,1
talvolta,8,2
tanaglie,8,1
tant,4,1
tanta,5,2
tante,5,4
tanti,5,3
tanto,5,10
tasca,5,3
taschino,8,3
tasto,5,1
tavola,6,1
tavolino,8,1
teatro,6,1
teme,4,1
temerarij,9,1
tempera,7,1
temperata,9,1
tempi,5,5
tempo,5,23
temporale,9,1
tempore,7,1
tendenza,8,1
tendere,7,1
tenebrosi,9,1
tenendolo,9,1
tenendosi,9,1
tenendovi,9,1
tenere,6,1
tenersi,7,1
teneva,6,1
tenga,5,1
tentata,7,1
tentato,7,1
tenuto,6,4
teoria,6,1
terminata,9,1
terminavano,11,1
termine,7,3
terra,5,3
terranuova,10,1
terrapieni,10,1
terre,5,4
terrena,7,1
terreno,7,1
terribile,9,2
terribili,9,2
territorij,10,1
territorio,10,1
terrore,7,3
tese,4,1
testa,5,7
testimoni,9,1
testimonianza,13,1
testimonianze,13,1
testimonio,10,1
testimonj,9,1
testo,5,1
ti,2,1
tiene,5,1
timida,6,1
timor,5,2
timore,6,1
tirala,6,1
tirando,7,1
tirarlo,7,1
tirava,6,1
tiro,4,2
titoli,6,1
titolo,6,1
tocca,5,4
toccan,6,1
toccar,6,1
toccare,7,1
toccasse,8,2
toccata,7,4
toccato,7,2
toccavano,9,1
togliendoli,11,1
togliergli,10,1
tollerar,8,1
tollerare,9,1
tollerati,9,1
tono,4,4
toppa,5,2
torbido,7,1
torcendo,8,1
tormento,8,1
tormentosa,10,1
tornare,7,2
tornati,7,1
tornava,7,2
torno,5,1
tornò,5,1
torrente,8,1
torrenti,8,2
torto,5,6
tosta,5,1
tosto,5,1
totalmente,10,1
tra,3,25
tradimento,10,1
tradizione,10,1
trafficando,11,1
traforata,9,1
traggedie,9,1
tralascia,9,1
tramaglino,10,1
tramonta,8,1
tramutato,9,1
tranquilla,10,1
tranquillamente,15,1
tranquillo,10,1
transazione,11,1
trapassate,10,1
trapontando,11,1
trascriver,10,1
trascrivere,11,1
trascurato,10,1
trascuro,8,2
trasformazione,14,1
trasgredire,11,1
tratta,6,2
trattar,7,1
trattative,10,1
trattava,8,1
tratti,6,2
trattiamo,9,1
tratto,6,3
travagli,8,1
travaglio,9,1
traverso,8,1
tre,3,3
trecce,6,1
tremando,8,1
tremante,8,1
tremolante,10,2
tributarij,10,1
triennio,8,1
trionfante,10,1
troncando,9,1
troppa,6,3
troppo,6,10
trouar,6,1
trova,5,1
trovan,6,1
trovar,6,1
trovarsi,8,5
trovato,7,2
trovava,7,5
troverà,7,2
troviamo,8,1
trovò,5,2
tu,2,1
tullio,6,1
tumulto,7,1
tumultuariamente,16,1
turbamento,10,3
tutt,4,4
tutta,5,7
tuttavia,8,5
tutte,5,7
tutti,5,17
tutto,5,28
ubbidienti,10,1
ubbidienza,10,1
ubbidire,8,1
ubbidito,8,1
udienza,7,1
udir,4,1
udito,5,1
udì,3,1
ufiziali,8,1
ufizio,6,1
ultima,6,2
ultimi,6,1
umore,5,1
un,2,193
una,3,88
unghie,6,1
uni,3,1
uno,3,14
uomini,6,7
uomo,4,17
urlò,4,1
usa,3,1
usano,5,1
uscio,5,5
uscir,5,1
uscire,6,1
uscirne,7,1
uscita,6,1
uscito,6,1
usciva,6,3
uscivan,7,1
uve,3,1
v,1,9
va,2,5
vagabondi,9,4
vagheggiato,11,1
valevan,7,1
valle,5,1
valloncelli,11,1
vane,4,1
vanità,6,1
vanno,5,3
vantaggi,8,1
vantaggio,9,4
vari,4,1
variato,7,1
varie,5,2
vario,5,1
vasi,4,1
vaso,4,1
vasta,5,2
vasto,5,1
ve,2,2
vece,4,3
vedendo,7,1
vedendoseli,11,1
veder,5,3
vederanno,9,1
vedere,6,4
vederlo,7,2
vedervi,7,2
vedete,6,5
vedeva,6,1
vedon,5,1
vedremo,7,1
vedrà,5,1
vedrò,5,1
veduta,6,1
vedute,6,1
veduto,6,1
veemenza,8,1
veglia,6,1
vegliava,8,1
velasco,7,2
vendemmia,9,1
vendessero,10,1
vendicativo,11,1
venendo,7,1
venga,5,1
vengan,6,1
vengo,5,1
vengon,6,1
vengono,7,1
venir,5,1
venirne,7,1
venisse,7,2
venissero,9,1
veniva,6,4
venivano,8,2
venne,5,2
vent,4,1
venticinque,11,1
venute,6,2
venuto,6,3
vera,4,1
veramente,9,4
verde,5,2
verifichi,9,1
verità,6,1
vermiglie,9,1
vero,4,7
versati,7,1
versetto,8,1
verso,5,10
verun,5,1
vessare,7,1
vessazioni,10,1
vetta,5,2
vezzo,5,1
vi,2,21
via,3,14
viaggiare,9,1
vicenda,7,1
vicinato,8,1
vicini,6,1
vicino,6,1
vide,4,3
vie,3,1
vien,4,3
viene,5,4
vigne,5,2
vigorosa,8,1
vile,4,1
villaggio,9,1
ville,5,1
vino,4,2
violenti,8,1
violento,8,1
violenze,8,2
viottole,8,4
virtuose,8,1
virtù,5,1
vis,3,1
visacci,7,1
viso,4,4
vissero,7,1
vista,5,4
vita,4,7
vitalità,8,1
vive,4,2
viver,5,1
vivere,6,5
vivevano,8,1
vivo,4,1
vivuta,6,1
vo,2,1
vocabolo,8,1
voce,4,14
voglia,6,6
vogliam,7,2
voglio,6,11
voglion,7,1
vogliono,8,1
voi,3,13
voler,5,3
volere,6,1
volesse,7,4
volete,6,8
voleva,6,1
volevan,7,2
volge,5,1
volgeva,7,1
volle,5,2
vollero,7,1
volontariamente,15,1
volta,5,11
voltata,7,3
volte,5,5
volto,5,6
voltò,5,1
voluto,6,7
vorrebbe,8,1
vorrei,6,5
vorreste,8,1
vorrà,5,2
vostra,6,2
vostro,6,3
votandolo,9,1
votum,5,1
vuol,4,13
vuole,5,3
zanne,5,1
zitta,5,2
zitto,5,2
è,1,67
